2026학년도 2학기 전체교사 정규시간표,,,,,,,,,,,,,,,,,,,,,,,,,,,,,,,,,,,,,,,,,,,,,,,,,,,,,,,,,,,,,
2026 학년도,,,,,,,,,,,,,,,,,,,,,,,,,,,,,,,대전동산고등학교,,,,,,,,,,,,,,,,,,,,,,,,,,,,,,
번호,,1,2,3,4,5,6,7,8,9,10,11,12,13,14,15,16,17,18,19,20,21,22,23,24,25,26,27,28,29,30,31,32,33,34,35,36,37,38,39,40,41,42,43,44,45,46,47,48,49,50,51,52,53,54,55,56,57,58,59,60
교사,,이정,최병,이승,이희,이웅,이형,성자,김범,최석,권준,이동,이지,임주,서진,김지,김진,김대,맹준,서준,오경,길영,민현,정석,이윤,이기,이원,권상,노윤,배지,박성,오정,황은,권동,윤철,최영,이대,정상,김설,이상,최소,하상,김영,백송,염해,백승,유호,정의,김수,김부,최정,박민,양희,송지,정연,김경,유재,홍석,한상,박인,류일
월,1,,,,,,,,,,,,,,,,,,,,,,,,,,,,,,,,,,,,,,,,,,,,,,,,,,,,,,,,,,,,
,,,,,,,,,,,,,,,,,,,,,,,,,,,,,,,,,,,,,,,,,,,,,,,,,,,,,,,,,,,,,
,2,,국어,한문,,,,심국,심국,심국,수학,,,미적,기하,,,수통,기하,,,,영Ⅱ,영Ⅱ,진로,심영,진로,,영어,현윤,,통사,한국,한국,,도탐,,정법,,역학,,물질,,과2,과3,세포,,과4,,,스생,스생,,,미술,,공일,프로,,,
,,,01월 07일,01월 11일,,,,03월 03일,03월 05일,03월 06일,01월 01일,,,02월 06일,02월 07일,,,03월 01일,03월 07일,,,,02월 09일,02월 03일,02월 05일,03월 02일,03월 10일,,01월 06일,02월 01일,,01월 08일,01월 02일,01월 10일,,02월 04일,,03월 04일,,02월 11일,,02월 10일,,01월 09일,01월 03일,02월 08일,,01월 05일,,,02월 02일,03월 08일,,,01월 04일,,03월 11일,03월 09일,,,
,3,국어,,,문학,,문학,심국,,,,수학,,미적,,미적,,수적,기하,영어,영어,영Ⅱ,심리,,미영,,,심영,,통사,,,,,법사,,환경,,과B,,,물질,과B,과탐,과B,,지구,,체육,체육,,,음연,음악,미술,,진로,,진로,제2,제2
,,01월 02일,,,02월 07일,,02월 11일,03월 04일,,,,01월 07일,,02월 09일,,02월 05일,,03월 05일,03월 11일,01월 08일,01월 01일,02월 08일,03월 01일,,02월 03일,,,03월 07일,,01월 05일,,,,,02월 04일,,03월 02일,,03월 08일,,,02월 06일,03월 09일,01월 04일,03월 10일,,02월 10일,,01월 06일,01월 09일,,,03월 03일,01월 11일,01월 03일,,03월 06일,,01월 10일,02월 02일,02월 01일
,4,,국어,한문,문학,문학,문학,,한문,심국,수학,수학,미적,,기하,미적,수적,,,,영어,영Ⅱ,,영Ⅱ,,심영,심영,,심영,,통사,,한국,한국,법사,,,,과C,,역학,,과C,,,,,과C,스생,,,스생,,음악,,정보,,,진로,,중문
,,,01월 09일,01월 07일,02월 08일,02월 04일,02월 09일,,03월 03일,03월 08일,01월 02일,01월 10일,02월 11일,,02월 06일,02월 03일,03월 11일,,,,01월 05일,02월 05일,,02월 01일,,03월 01일,03월 10일,,03월 04일,,01월 01일,,01월 03일,01월 11일,02월 02일,,,,03월 06일,,02월 07일,,03월 05일,,,,,03월 07일,03월 02일,,,03월 09일,,01월 08일,,01월 06일,,,01월 04일,,02월 10일
,5,국어,,,,,,심국,,,수학,,미적,미적,,,,수적,기하,영어,,,영Ⅱ,,교육,진로,,심영,심영,현윤,,통사,,한국,,도탐,세지,통사,,역학,,물지,,과탐,과3,세포,물지,,,체육,스생,,음연,,미술,정보,공일,프로,,일문,
,,01월 04일,,,,,,03월 01일,,,01월 05일,,02월 10일,02월 07일,,,,03월 06일,03월 08일,01월 10일,,,02월 11일,,03월 04일,03월 02일,,03월 11일,03월 05일,02월 04일,,01월 07일,,01월 09일,,02월 02일,03월 03일,01월 11일,,02월 06일,,02월 08일,,01월 03일,01월 01일,02월 05일,02월 09일,,,01월 08일,02월 01일,,03월 09일,,01월 06일,01월 02일,03월 07일,03월 10일,,02월 03일,
,6,,국어,한문,,문학,문학,,한문,심국,,수학,,,기하,기하,수적,수통,기하,,영어,,,,미영,,심영,심리,,,통사,,한국,,,,,정법,물Ⅱ,과1,과1,,,진로,,지세,지세,과4,,,스생,스생,음연,,│,,,,진로,제2,제2
,,,01월 08일,01월 10일,,02월 01일,02월 10일,,03월 02일,03월 07일,,01월 11일,,,02월 09일,02월 11일,03월 08일,03월 04일,03월 10일,,01월 04일,,,,02월 02일,,03월 09일,03월 03일,,,01월 02일,,01월 05일,,,,,03월 01일,03월 11일,01월 03일,01월 07일,,,02월 08일,,02월 07일,02월 06일,01월 01일,,,02월 03일,03월 06일,03월 05일,,▽,,,,01월 09일,02월 04일,02월 05일
,7,국어,국어,,문학,문학,심국,,,,,,미적,미적,진로,,수적,,,영어,영어,영Ⅱ,영Ⅱ,영Ⅱ,,환경,,,교육,,통사,통사,진로,한국,진로,통사,환경,,,,과1,물질,,,과3,,,,스생,스생,,스생,,음연,,정보,공일,프로,,,
,,01월 01일,01월 11일,,02월 05일,02월 03일,03월 11일,,,,,,02월 01일,02월 08일,02월 06일,,03월 09일,,,01월 07일,01월 02일,02월 07일,02월 10일,02월 04일,,03월 06일,,,03월 02일,,01월 03일,01월 09일,03월 04일,01월 06일,02월 02일,01월 10일,03월 03일,,,,01월 08일,02월 11일,,,01월 05일,,,,03월 01일,02월 09일,,03월 10일,,03월 08일,,01월 04일,03월 05일,03월 07일,,,
화,1,,국어,한문,,문학,심국,,한문,,수학,,,,기하,미적,,수적,,영어,,영Ⅱ,환경,영Ⅱ,미영,,교육,,,현윤,통사,,,,,,세지,정법,,역학,,물지,,,,과탐,물지,과4,체육,체육,,스생,음연,음악,미술,,공일,프로,,,중문
,,,01월 11일,01월 10일,,02월 03일,03월 11일,,03월 04일,,01월 03일,,,,02월 06일,02월 05일,,03월 05일,,01월 08일,,02월 07일,03월 09일,02월 01일,02월 02일,,03월 01일,,,02월 04일,01월 01일,,,,,,03월 02일,03월 03일,,02월 11일,,02월 08일,,,,01월 06일,02월 09일,01월 04일,01월 02일,01월 07일,,03월 07일,03월 06일,01월 09일,01월 05일,,03월 10일,03월 08일,,,02월 10일
,2,,,,,,,심국,,심국,수학,수학,,,,,수적,수통,기하,환경,영어,영Ⅱ,,,,심영,,,심영,현윤,통사,통사,한국,,법사,도탐,,통사,,,역학,물질,물질,과2,,,진로,,,체육,스생,,음연,음연,미술,정보,,진로,,일문,진로
,,,,,,,,03월 02일,,03월 09일,01월 06일,01월 07일,,,,,03월 08일,03월 03일,03월 06일,03월 05일,01월 05일,02월 06일,,,,03월 01일,,,03월 04일,02월 02일,01월 03일,01월 09일,01월 01일,,02월 03일,02월 01일,,01월 11일,,,02월 07일,02월 11일,02월 05일,01월 08일,,,02월 10일,,,01월 10일,02월 08일,,03월 10일,03월 07일,01월 02일,01월 04일,,03월 11일,,02월 09일,02월 04일
,3,국어,국어,한문,문학,문학,문학,,한문,심국,,수학,미적,미적,기하,미적,수적,,기하,,영어,,,영Ⅱ,,심리,심영,심영,심영,,,,,한국,,도탐,세지,,,,과1,,,,과3,,,,체육,,스생,스생,,,,정보,공일,,진로,일문,
,,01월 04일,01월 07일,01월 08일,02월 05일,02월 01일,02월 09일,,03월 03일,03월 06일,,01월 11일,02월 10일,02월 06일,02월 08일,02월 03일,03월 07일,,03월 09일,,01월 02일,,,02월 04일,,03월 02일,03월 10일,03월 11일,03월 05일,,,,,01월 10일,,02월 02일,03월 01일,,,,01월 05일,,,,01월 09일,,,,01월 03일,,02월 07일,03월 04일,,,,01월 01일,03월 08일,,01월 06일,02월 11일,
,4,,국어,,문학,,,심국,한문,,수학,,미적,미적,기하,,,,,영어,,,영Ⅱ,,미영,,,심영,,현윤,,통사,한국,한국,법사,,환경,정법,과D,역학,,,과D,과탐,과3,세포,지구,과D,체육,체육,,스생,,음악,,,공일,프로,,,
,,,01월 06일,,02월 07일,,,03월 03일,03월 01일,,01월 04일,,02월 02일,02월 09일,02월 05일,,,,,01월 09일,,,02월 10일,,02월 04일,,,03월 07일,,02월 03일,,01월 07일,01월 03일,01월 08일,02월 01일,,03월 04일,03월 02일,03월 09일,02월 06일,,,03월 08일,01월 01일,01월 02일,02월 08일,02월 11일,03월 10일,01월 05일,01월 11일,,03월 11일,,01월 10일,,,03월 06일,03월 05일,,,
,5,,,한문,,문학,국1,심국,,심국,,수학,,,,기하,기하,수통,기하,,영어,영Ⅱ,영Ⅱ,영Ⅱ,교육,심영,진로,,심영,,통사,통사,,,,통사,,,,과1,물역,물역,,과2,,세포,,,,,스생,,음연,,미술,정보,,,진로,제2,제2
,,,,01월 09일,,02월 04일,03월 10일,03월 04일,,03월 08일,,01월 08일,,,,02월 10일,03월 05일,03월 01일,03월 07일,,01월 01일,02월 08일,02월 11일,02월 03일,03월 03일,03월 02일,03월 09일,,03월 06일,,01월 04일,01월 06일,,,,01월 10일,,,,01월 02일,02월 09일,02월 07일,,01월 11일,,02월 05일,,,,,02월 06일,,03월 11일,,01월 03일,01월 05일,,,01월 07일,02월 02일,02월 01일
,6,국어,국어,,문학,,문학,,심국,심국,,,미적,미적,,미적,,,,영어,,영Ⅱ,,영Ⅱ,,,,심리,,통사,통사,,한국,한국,,도탐,환경,,과B,,역물,역물,과B,,과B,,지Ⅱ,과4,,스생,,스생,음연,음악,│,정보,,프로,,,
,,01월 01일,01월 10일,,02월 06일,,02월 10일,,03월 05일,03월 07일,,,02월 01일,02월 07일,,02월 04일,,,,01월 11일,,02월 05일,,02월 02일,,,,03월 04일,,01월 05일,01월 02일,,01월 04일,01월 07일,,02월 03일,03월 01일,,03월 08일,,02월 08일,02월 09일,03월 09일,,03월 10일,,03월 11일,01월 09일,,02월 11일,,03월 03일,03월 02일,01월 08일,▽,01월 06일,,03월 06일,,,
,7,국어,,한문,문학,문학,,심국,,,수학,수학,미적,,기하,,수적,수통,기하,,영어,,영Ⅱ,,미영,심영,심영,,,,,통사,,한국,법사,,,정법,과C,역학,,,과C,과2,과3,과탐,,과C,,,스생,,,,,,공일,,진로,일문,중문
,,01월 05일,,01월 07일,02월 08일,02월 02일,,03월 01일,,,01월 01일,01월 09일,02월 11일,,02월 07일,,03월 10일,03월 02일,03월 11일,,01월 03일,,02월 09일,,02월 01일,03월 03일,03월 08일,,,,,01월 08일,,01월 11일,02월 04일,,,03월 04일,03월 06일,02월 10일,,,03월 05일,01월 04일,01월 06일,01월 10일,,03월 07일,,,02월 05일,,,,,,03월 09일,,01월 02일,02월 03일,02월 06일
수,1,,국어,한문,문학,,,심국,,국2,수학,수학,,,기하,미적,수적,,기하,,,영Ⅱ,,영Ⅱ,교육,,,,,,,통사,한국,한국,진로,도탐,,,과A,역학,,,과A,,과A,,지구,과4,체육,스생,,스생,음연,음악,,정보,진로,,,일문,
,,,01월 06일,01월 08일,02월 07일,,,03월 02일,,03월 10일,01월 02일,01월 10일,,,02월 08일,02월 04일,03월 09일,,03월 08일,,,02월 06일,,02월 02일,03월 04일,,,,,,,01월 07일,01월 05일,01월 11일,03월 03일,02월 01일,,,03월 05일,02월 05일,,,03월 06일,,03월 07일,,02월 11일,01월 03일,01월 04일,02월 10일,,03월 11일,03월 01일,01월 09일,,01월 01일,02월 09일,,,02월 03일,
,2,국어,국어,,문학,,문학,,한문,심국,,수학,미적,미적,,미적,수적,수적,,,환경,영Ⅱ,영Ⅱ,,,심영,심영,심리,,,통사,통사,한국,,법사,통사,,정법,,,역물,역물,,과2,과3,과탐,,,,,스생,,,,미술,,공일,프로,,,
,,01월 03일,01월 11일,,02월 06일,,02월 10일,,03월 01일,03월 09일,,01월 09일,02월 02일,02월 07일,,02월 03일,03월 10일,03월 06일,,,03월 07일,02월 05일,02월 11일,,,03월 02일,03월 08일,03월 03일,,,01월 04일,01월 06일,01월 01일,,02월 01일,01월 10일,,03월 04일,,,02월 08일,02월 09일,,01월 05일,01월 07일,01월 08일,,,,,02월 04일,,,,01월 02일,,03월 05일,03월 11일,,,
,3,,,한문,,문학,,,,,수학,,미적,미적,기하,,수적,수통,,영어,,,영Ⅱ,,미영,심영,,,영어,현윤,,,,한국,,,세지,정법,과D,,,,과D,과2,,지세,지세,과D,체육,,,스생,음연,음악,│,정보,,프로,진로,제2,제2
,,,,01월 09일,,02월 02일,,,,,01월 04일,,02월 11일,02월 08일,02월 09일,,03월 11일,03월 01일,,01월 10일,,,02월 10일,,02월 01일,03월 03일,,,01월 06일,02월 03일,,,,01월 08일,,,03월 04일,03월 02일,03월 09일,,,,03월 08일,01월 07일,,02월 07일,02월 06일,03월 10일,01월 01일,,,03월 06일,03월 05일,01월 11일,▽,01월 05일,,03월 07일,01월 03일,02월 04일,02월 05일
,4,국어,국어,,,문학,문학,심국,한문,심국,수학,,,,,미적,,,기하,영어,영어,,,영Ⅱ,,,심영,심영,심영,현윤,통사,통사,,,,,세지,,,역학,과1,물질,,,,,,과4,,스생,스생,스생,음연,음악,,정보,진로,,,제2,제2
,,01월 02일,01월 08일,,,02월 04일,02월 11일,03월 01일,03월 02일,03월 07일,01월 05일,,,,,02월 05일,,,03월 10일,01월 11일,01월 04일,,,02월 03일,,,03월 09일,03월 11일,03월 06일,02월 01일,01월 01일,01월 09일,,,,,03월 03일,,,02월 10일,01월 10일,02월 06일,,,,,,01월 06일,,02월 09일,02월 02일,03월 05일,03월 04일,01월 07일,,01월 03일,03월 08일,,,02월 07일,02월 08일
목,1,국어,,,,,문학,심국,심국,심국,,,미적,미적,,,,,기하,영어,,,영Ⅱ,,,심영,심영,환경,심영,통사,통사,통사,,한국,법사,도탐,세지,,,,물역,물역,물질,과2,과3,세포,,,체육,,스생,,,음연,미술,정보,,프로,,,
,,01월 03일,,,,,02월 11일,03월 02일,03월 05일,03월 07일,,,02월 01일,02월 06일,,,,,03월 10일,01월 07일,,,02월 10일,,,03월 03일,03월 09일,03월 11일,03월 04일,01월 05일,01월 04일,01월 08일,,01월 09일,02월 02일,02월 03일,03월 01일,,,,02월 09일,02월 07일,02월 05일,01월 10일,01월 11일,02월 08일,,,01월 02일,,02월 04일,,,03월 08일,01월 06일,01월 01일,,03월 06일,,,
,2,국어,국어,,문학,문학,심국,심국,한문,심국,수학,수학,미적,미적,기하,미적,수적,,,영어,영어,영Ⅱ,,영Ⅱ,,,,,심영,현윤,통사,통사,,한국,,,,정법,,과1,,,,,,,,,,체육,,스생,음연,,,,공일,프로,,일문,중문
,,01월 05일,01월 10일,,02월 05일,02월 02일,03월 11일,03월 04일,03월 02일,03월 09일,01월 01일,01월 08일,02월 10일,02월 07일,02월 09일,02월 04일,03월 07일,,,01월 09일,01월 03일,02월 08일,,02월 01일,,,,,03월 05일,02월 03일,01월 02일,01월 06일,,01월 07일,,,,03월 01일,,01월 04일,,,,,,,,,,01월 11일,,03월 10일,03월 03일,,,,03월 06일,03월 08일,,02월 11일,02월 06일
,3,,국어,한문,문학,문학,,,,,수학,수학,,,,,기하,수통,기하,,,,영Ⅱ,영Ⅱ,미영,,교육,,,,,,한국,,진로,,세지,통사,과D,역학,과1,물질,과D,,과3,지세,지세,과D,체육,,스생,스생,음연,음악,미술,,공일,,,,
,,,01월 08일,01월 10일,02월 08일,02월 03일,,,,,01월 03일,01월 09일,,,,,03월 05일,03월 02일,03월 06일,,,,02월 09일,02월 04일,02월 02일,,03월 01일,,,,,,01월 02일,,02월 01일,,03월 04일,01월 11일,03월 09일,02월 11일,01월 06일,02월 10일,03월 08일,,01월 04일,02월 07일,02월 06일,03월 10일,01월 05일,,02월 05일,03월 03일,03월 11일,01월 07일,01월 01일,,03월 07일,,,,
,4,국어,,한문,,,문학,,,,,,,,,기하,,수통,,영어,영어,영Ⅱ,,,미영,심영,,심영,심영,,,,,한국,법사,도탐,세지,,과B,,역물,역물,과B,과탐,과B,과탐,지Ⅱ,과4,스생,체육,스생,,,음악,,정보,,프로,,제2,제2
,,01월 04일,,01월 07일,,,02월 10일,,,,,,,,,02월 11일,,03월 04일,,01월 11일,01월 01일,02월 07일,,,02월 01일,03월 01일,,03월 07일,03월 06일,,,,,01월 06일,02월 03일,02월 02일,03월 03일,,03월 08일,,02월 08일,02월 09일,03월 09일,01월 05일,03월 10일,01월 09일,03월 11일,01월 02일,03월 02일,01월 08일,02월 06일,,,01월 10일,,01월 03일,,03월 05일,,02월 04일,02월 05일
,5,국어,국어,,문학,문학,,심국,한문,심국,수학,수학,미적,미적,기하,기하,수적,,기하,영어,진로,영Ⅱ,심리,,,,심영,,,현윤,통사,통사,한국,,,도탐,,정법,,역학,,,,,,,,,,체육,,스생,음연,,미술,,진로,,진로,,
,,01월 02일,01월 06일,,02월 07일,02월 01일,,03월 03일,03월 04일,03월 08일,01월 04일,01월 07일,02월 11일,02월 09일,02월 08일,02월 10일,03월 11일,,03월 07일,01월 08일,02월 03일,02월 06일,03월 01일,,,,03월 10일,,,02월 02일,01월 01일,01월 09일,01월 03일,,,02월 04일,,03월 02일,,02월 05일,,,,,,,,,,01월 10일,,03월 09일,03월 06일,,01월 05일,,03월 05일,,01월 11일,,
,6,,,한문,문학,문학,문학,심국,,,수학,,미적,,기하,,,수통,기하,,,,영Ⅱ,환경,미영,심영,,,,,,,한국,한국,법사,,,,과A,,과1,,과A,과2,과A,,지구,과4,체육,,,스생,,,│,정보,공일,프로,진로,제2,제2
,,,,01월 11일,02월 06일,02월 04일,02월 09일,03월 01일,,,01월 06일,,02월 02일,,02월 05일,,,03월 03일,03월 09일,,,,02월 11일,03월 08일,02월 03일,03월 02일,,,,,,,01월 04일,01월 10일,02월 01일,,,,03월 05일,,01월 09일,,03월 06일,01월 01일,03월 07일,,02월 10일,01월 07일,01월 03일,,,03월 04일,,,▽,01월 02일,03월 11일,03월 10일,01월 08일,02월 07일,02월 08일
,7,,국어,,,,,,한문,심국,,,,미적,,미적,수적,수적,,,영어,영Ⅱ,,영Ⅱ,미영,,심영,심리,영어,현윤,통사,,,,,통사,세지,정법,물Ⅱ,과1,,물질,,과2,,과탐,지구,과4,,체육,스생,,음연,음연,,정보,,,,일문,중문
,,,01월 09일,,,,,,03월 01일,03월 06일,,,,02월 08일,,02월 03일,03월 10일,03월 05일,,,01월 05일,02월 05일,,02월 02일,02월 04일,,03월 08일,03월 04일,01월 06일,02월 01일,01월 03일,,,,,01월 10일,03월 02일,03월 03일,03월 11일,01월 01일,,02월 06일,,01월 02일,,01월 11일,02월 11일,01월 08일,,01월 07일,02월 07일,,03월 09일,03월 07일,,01월 04일,,,,02월 09일,02월 10일
금,1,,국어,,,문학,문학,,,국2,수학,수학,,,기하,,수적,수통,,,,,,영Ⅱ,교육,,,,심영,,통사,,한국,한국,,도탐,세지,,물Ⅱ,,,물질,물질,과2,과3,,지구,,체육,,스생,스생,음연,음악,미술,,공일,진로,,제2,제2
,,,01월 09일,,,02월 01일,02월 09일,,,03월 10일,01월 06일,01월 11일,,,02월 06일,,03월 09일,03월 04일,,,,,,02월 02일,03월 03일,,,,03월 06일,,01월 02일,,01월 05일,01월 07일,,02월 04일,03월 02일,,03월 11일,,,02월 11일,02월 05일,01월 03일,01월 08일,,02월 10일,,01월 04일,,02월 03일,03월 05일,03월 01일,01월 10일,01월 01일,,03월 08일,03월 07일,,02월 07일,02월 08일
,2,,국어,한문,문학,,,심국,한문,심국,수학,,미적,미적,,기하,기하,수적,기하,,영어,,환경,영Ⅱ,,,,,교육,현윤,,통사,한국,한국,법사,,,통사,,,물역,물역,,,,,,,스생,스생,,스생,,음악,│,정보,공일,,,,중문
,,,01월 10일,01월 09일,02월 05일,,,03월 04일,03월 03일,03월 08일,01월 05일,,02월 01일,02월 08일,,02월 10일,03월 05일,03월 06일,03월 11일,,01월 03일,,03월 10일,02월 03일,,,,,03월 02일,02월 04일,,01월 07일,01월 04일,01월 06일,02월 02일,,,01월 11일,,,02월 09일,02월 07일,,,,,,,03월 01일,02월 11일,,03월 07일,,01월 08일,▽,01월 02일,03월 09일,,,,02월 06일
,3,국어,,,,문학,문학,,한문,,,수학,,미적,,미적,,,기하,영어,영어,영Ⅱ,,,미영,심영,심영,,,현윤,통사,통사,,,진로,도탐,,,과C,역학,,,과C,과탐,과3,진로,지Ⅱ,과C,,체육,,스생,음연,음악,,정보,,,,일문,
,,01월 01일,,,,02월 03일,02월 11일,,03월 04일,,,01월 08일,,02월 06일,,02월 05일,,,03월 09일,01월 07일,01월 04일,02월 08일,,,02월 04일,03월 03일,03월 10일,,,02월 02일,01월 03일,01월 06일,,,03월 01일,02월 01일,,,03월 06일,02월 10일,,,03월 05일,01월 02일,01월 10일,02월 07일,03월 11일,03월 07일,,01월 09일,,03월 08일,03월 02일,01월 11일,,01월 05일,,,,02월 09일,
,4,국어,,한문,,,,심국,,,수학,수학,미적,,기하,,수적,수통,,영어,,영Ⅱ,진로,영Ⅱ,미영,,심영,,,,통사,,한국,한국,,,세지,정법,과A,,역학,물지,과A,,과A,,물지,,체육,,,,음연,음악,,,,프로,진로,제2,제2
,,01월 05일,,01월 11일,,,,03월 03일,,,01월 03일,01월 10일,02월 10일,,02월 05일,,03월 08일,03월 02일,,01월 09일,,02월 06일,02월 11일,02월 04일,02월 03일,,03월 09일,,,,01월 04일,,01월 02일,01월 08일,,,03월 04일,03월 01일,03월 05일,,02월 07일,02월 08일,03월 06일,,03월 07일,,02월 09일,,01월 06일,,,,03월 10일,01월 07일,,,,03월 11일,01월 01일,02월 02일,02월 01일
,5,,국어,,문학,문학,심국,,심국,심국,,,,미적,기하,기하,,,기하,,영어,,,,,심리,,심영,심영,통사,,통사,,,법사,도탐,세지,정법,,역학,과1,,,과2,,세포,,과4,체육,스생,스생,,,음악,미술,정보,공일,프로,,,
,,,01월 07일,,02월 08일,02월 02일,03월 11일,,03월 05일,03월 06일,,,,02월 09일,02월 07일,02월 11일,,,03월 08일,,01월 02일,,,,,03월 02일,,03월 07일,03월 04일,01월 05일,,01월 08일,,,02월 04일,02월 03일,03월 01일,03월 03일,,02월 06일,01월 11일,,,01월 06일,,02월 05일,,01월 10일,01월 01일,02월 10일,02월 01일,,,01월 09일,01월 04일,01월 03일,03월 10일,03월 09일,,,
,6,국어,,한문,문학,,국1,심국,,심국,수학,,미적,,,미적,수적,수통,기하,영어,,영Ⅱ,영Ⅱ,영Ⅱ,,심영,심영,심영,심영,,,,한국,한국,법사,,,,,역학,,물질,,,,과탐,,과4,,,스생,,음연,,│,정보,,,진로,일문,
,,01월 03일,,01월 08일,02월 06일,,03월 10일,03월 02일,,03월 09일,01월 02일,,02월 02일,,,02월 04일,03월 07일,03월 03일,03월 06일,01월 10일,,02월 07일,02월 09일,02월 01일,,03월 01일,03월 08일,03월 11일,03월 05일,,,,01월 01일,01월 09일,02월 03일,,,,,02월 05일,,02월 10일,,,,01월 07일,,01월 11일,,,02월 08일,,03월 04일,,▽,01월 06일,,,01월 05일,02월 11일,
시수,,15,18,15,16,16,18,16,16,18,18,15,16,16,16,18,18,18,18,16,17,16,17,17,17,16,16,13,17,16,16,16,16,18,16,16,16,16,15,16,16,18,15,17,17,16,16,17,16,16,16,18,18,19,18,18,18,16,11,18,16
교사,,이정,최병,이승,이희,이웅,이형,성자,김범,최석,권준,이동,이지,임주,서진,김지,김진,김대,맹준,서준,오경,길영,민현,정석,이윤,이기,이원,권상,노윤,배지,박성,오정,황은,권동,윤철,최영,이대,정상,김설,이상,최소,하상,김영,백송,염해,백승,유호,정의,김수,김부,최정,박민,양희,송지,정연,김경,유재,홍석,한상,박인,류일
